run	n_allocs	sz_allocs	alloc_secs
1	16384	1120014497744	56.050291957
2	16384	1112790504496	55.822529093
3	16384	1117658901888	55.334253302
4	16384	1116027447000	61.272524340
