run	n_mmap	n_munmap	n_total	sz_mmap	sz_munmap	sz_net	secs_mmap	secs_munmap	secs_total
1	15528	30394	45922	1526081272015	1493672252287	32409019728	0.310887	0.844212	1.155099
2	15407	30172	45579	1512649537743	1482715845503	29933692240	0.303583	0.839011	1.142594
3	15590	30551	46141	1522938190031	1492208788351	30729401680	0.315448	0.854926	1.170374
4	15659	30666	46325	1530156751055	1499582276479	30574474576	0.310446	0.846316	1.156762
