run	n_mmap	mmap_eff	mmap_secs_per_call
1	15528	1.0551262235960845	0.00001897503662109375
2	15407	1.0634127344713442	0.00001852923583984375
3	15590	1.0509300833867865	0.00001925341796875
4	15659	1.046299252825851	0.0000189481201171875
