run	n_allocs	sz_allocs	alloc_secs
1	16384	1128765834952	16.470331325
2	16384	1112868031376	14.790191506
3	16384	1114310504408	11.699356320
4	16384	1120176877128	14.717580630
