run	n_mmap	n_munmap	n_total	sz_mmap	sz_munmap	sz_net	secs_mmap	secs_munmap	secs_total
1	12808	12801	25609	1065818684959	1065814913919	3771040	0.199346	0.287160	0.486506
2	12711	12704	25415	1047501168159	1047497397119	3771040	0.195839	0.317692	0.513531
3	12742	12735	25477	1049302453791	1049298682751	3771040	0.229658	0.376060	0.605718
4	12804	12797	25601	1054942383647	1054938612607	3771040	0.254031	0.396667	0.650698
