run	n_mmap	mmap_eff	mmap_secs_per_call
1	12808	1.2792004996876951	0.0000121671142578125
2	12711	1.2889623161041617	0.00001195306396484375
3	12742	1.2858264008789828	0.0000140172119140625
4	12804	1.2796001249609497	0.00001550482177734375
