run	n_allocs	sz_allocs	alloc_secs
1	16384	1114614263144	0.079312071
2	16384	1113555897936	0.072337056
3	16384	1117514012704	0.093171018
4	16384	1107482771160	0.072863370
