run	n_mmap	n_munmap	n_total	sz_mmap	sz_munmap	sz_net	secs_mmap	secs_munmap	secs_total
1	73	6	79	79663578687	4383615	79659195072	0.001316	0.000127	0.001443
2	73	6	79	79466446399	4383615	79462062784	0.001240	0.000170	0.001410
3	74	12	86	79220547135	40027007	79180520128	0.001543	0.000255	0.001798
4	72	6	78	79512583743	4383615	79508200128	0.001248	0.000052	0.001300
