run	n_mmap	mmap_eff	mmap_secs_per_call
1	73	224.43835616438355	8.0322265625E-8
2	73	224.43835616438355	7.568359375E-8
3	74	221.40540540540542	9.417724609375E-8
4	72	227.55555555555554	7.6171875E-8
